Workbook

Sheet EQUIPE
A1: EQUIPE | responsáveis e limites
A2: Edite os nomes dos eixos B e C aqui. Os responsáveis das tarefas são atualizados pelas fórmulas.
A4: Eixo | B4: Nome responsável | C4: Escopo principal | D4: Propriedade de arquivos | E4: Não modificar sem acordo | F4: Horas dos cards | G4: Capacidade até 03/11 | H4: Observações
A5: A | B5: Victor André | C5: Núcleo do compilador e integração central | D5: src/, main.py, app.py, CLI e Web antiga | E5: runtime/ e web_didatica/ de outros eixos | F5: 49 | G5: 57 | H5: Teto pessoal até 3 horas por dia; horas compartilhadas e revisões também consomem capacidade
A6: B | B6: Riquelme | C6: Interface Web didática, Teste 11, documentação consolidada | D6: web_didatica/, testes T11, documentação designada | E6: src/ do compilador; runtime/ de C | F6: 60 | H6: Definir integrante e horas reais no kickoff
A7: C | B7: Erasmo | C7: Runtime paralelo/distribuído, testes 8–10 e QA | D7: runtime/, testes T08–T10, scripts/testes de QA | E7: src/ do compilador; web_didatica/ de B | F7: 62 | H7: Definir integrante e disponibilidade; dois computadores para demo

Sheet TAREFAS
A1: TAREFAS | backlog operacional
A2: Os prazos são por MARCO, não por tarefa: M1 22/10 · M2 29/10 · M3 03/11. Os status e as dependências continuam por card.
A4: ID | B4: Eixo | C4: Responsável | D4: Prioridade | E4: Tarefa | F4: Prazo do MARCO | G4: Depende de | H4: Dependências OK? | I4: Autorizado? | J4: Status | K4: Horas reais | L4: Entregável | M4: Critério de aceite | N4: Arquivos permitidos | O4: Evidência / link | P4: Bloqueio / observações | Q4: Marco
A5: SET-01 | B5: A | C5: =IF(B5="A",EQUIPE!$B$5,IF(B5="B",EQUIPE!$B$6,IF(B5="C",EQUIPE!$B$7,IF(B5="A+B",EQUIPE!$B$5&" + "&EQUIPE!$B$6,IF(B5="A+C",EQUIPE!$B$5&" + "&EQUIPE!$B$7,"Trio"))))) -> Victor André | D5: P0 | E5: Criar estrutura e importar base 2026.1 | F5: 46317 | G5: — | H5: =IF(COUNTIF(DEPENDENCIAS!$A$5:$A$72,A5)=0,"OK",IF(COUNTIFS(DEPENDENCIAS!$A$5:$A$72,A5,DEPENDENCIAS!$D$5:$D$72,"PENDENTE")=0,"OK","AGUARDAR")) -> OK | I5: Não | J5: Planejado | L5: Código legado imutável e cópia ativa na raiz; registrar origem/commit | M5: Arquivos ativos presentes; `legacy` preservado; `git status` limpo; scripts de importação conferidos. | N5: scripts/, legacy/, raiz ativa | Q5: M1
A6: SET-02 | B6: A | C6: =IF(B6="A",EQUIPE!$B$5,IF(B6="B",EQUIPE!$B$6,IF(B6="C",EQUIPE!$B$7,IF(B6="A+B",EQUIPE!$B$5&" + "&EQUIPE!$B$6,IF(B6="A+C",EQUIPE!$B$5&" + "&EQUIPE!$B$7,"Trio"))))) -> Victor André | D6: P0 | E6: Padronizar Python e G++20; executar smoke | F6: 46317 | G6: SET-01 | H6: =IF(COUNTIF(DEPENDENCIAS!$A$5:$A$72,A6)=0,"OK",IF(COUNTIFS(DEPENDENCIAS!$A$5:$A$72,A6,DEPENDENCIAS!$D$5:$D$72,"PENDENTE")=0,"OK","AGUARDAR")) -> AGUARDAR | I6: Não | J6: Planejado | L6: Instruções reprodutíveis de build; superar GCC 6.3 incompatível | M6: T01 simples compila e executa em ferramenta suportada; log identifica versões e comandos. | N6: docs/, src/, main.py | Q6: M1
A7: SET-03 | B7: A | C7: =IF(B7="A",EQUIPE!$B$5,IF(B7="B",EQUIPE!$B$6,IF(B7="C",EQUIPE!$B$7,IF(B7="A+B",EQUIPE!$B$5&" + "&EQUIPE!$B$6,IF(B7="A+C",EQUIPE!$B$5&" + "&EQUIPE!$B$7,"Trio"))))) -> Victor André | D7: P0 | E7: Permissões Git, responsáveis B/C, branches e acesso a dois PCs | F7: 46317 | G7: — | H7: =IF(COUNTIF(DEPENDENCIAS!$A$5:$A$72,A7)=0,"OK",IF(COUNTIFS(DEPENDENCIAS!$A$5:$A$72,A7,DEPENDENCIAS!$D$5:$D$72,"PENDENTE")=0,"OK","AGUARDAR")) -> OK | I7: Não | J7: Planejado | L7: Repositório privado acessível aos três, owners nomeados, hosts disponíveis | M7: Trio confirma acesso/horas; hosts de rede definidos; branch protect quando viável. | N7: docs/, planning/ | Q7: M1
A8: CON-01 | B8: A+C | C8: =IF(B8="A",EQUIPE!$B$5,IF(B8="B",EQUIPE!$B$6,IF(B8="C",EQUIPE!$B$7,IF(B8="A+B",EQUIPE!$B$5&" + "&EQUIPE!$B$6,IF(B8="A+C",EQUIPE!$B$5&" + "&EQUIPE!$B$7,"Trio"))))) -> Victor André + Erasmo | D8: P0 | E8: Congelar contrato de Fork/Join e destino local/remoto | F8: 46317 | G8: SET-01 | H8: =IF(COUNTIF(DEPENDENCIAS!$A$5:$A$72,A8)=0,"OK",IF(COUNTIFS(DEPENDENCIAS!$A$5:$A$72,A8,DEPENDENCIAS!$D$5:$D$72,"PENDENTE")=0,"OK","AGUARDAR")) -> AGUARDAR | I8: Não | J8: Planejado | L8: BNF proposta e API runtime aprovadas, tipos/handles/erros delimitados | M8: A e C aprovam contrato; exemplos/fixtures; mudança via CR; pendências registradas. | N8: docs/02_CONTRATOS_TECNICOS.md | Q8: M1
A9: CON-02 | B9: A+B | C9: =IF(B9="A",EQUIPE!$B$5,IF(B9="B",EQUIPE!$B$6,IF(B9="C",EQUIPE!$B$7,IF(B9="A+B",EQUIPE!$B$5&" + "&EQUIPE!$B$6,IF(B9="A+C",EQUIPE!$B$5&" + "&EQUIPE!$B$7,"Trio"))))) -> Victor André + Riquelme | D9: P0 | E9: Congelar contrato serviço de fases para a Web | F9: 46317 | G9: SET-01 | H9: =IF(COUNTIF(DEPENDENCIAS!$A$5:$A$72,A9)=0,"OK",IF(COUNTIFS(DEPENDENCIAS!$A$5:$A$72,A9,DEPENDENCIAS!$D$5:$D$72,"PENDENTE")=0,"OK","AGUARDAR")) -> AGUARDAR | I9: Não | J9: Planejado | L9: Esquema tokens, AST, símbolos, TAC, C++, compile/run/download | M9: A e B aprovam fixture de sucesso e três erros; Web poderá usar mocks. | N9: docs/02_CONTRATOS_TECNICOS.md | Q9: M1
A10: CON-03 | B10: A+B | C10: =IF(B10="A",EQUIPE!$B$5,IF(B10="B",EQUIPE!$B$6,IF(B10="C",EQUIPE!$B$7,IF(B10="A+B",EQUIPE!$B$5&" + "&EQUIPE!$B$6,IF(B10="A+C",EQUIPE!$B$5&" + "&EQUIPE!$B$7,"Trio"))))) -> Victor André + Riquelme | D10: P0 | E10: Congelar recursos mínimos Teste 11 e saída ARM | F10: 46317 | G10: SET-01 | H10: =IF(COUNTIF(DEPENDENCIAS!$A$5:$A$72,A10)=0,"OK",IF(COUNTIFS(DEPENDENCIAS!$A$5:$A$72,A10,DEPENDENCIAS!$D$5:$D$72,"PENDENTE")=0,"OK","AGUARDAR")) -> AGUARDAR | I10: Não | J10: Planejado | L10: Contrato strings/listas/T11, estratégia arquivo `.arm` e CPUlator | M10: A e B aprovam programas de prova com oráculo e responsabilidades. | N10: docs/02_CONTRATOS_TECNICOS.md | Q10: M1
A11: CORE-01 | B11: C | C11: =IF(B11="A",EQUIPE!$B$5,IF(B11="B",EQUIPE!$B$6,IF(B11="C",EQUIPE!$B$7,IF(B11="A+B",EQUIPE!$B$5&" + "&EQUIPE!$B$6,IF(B11="A+C",EQUIPE!$B$5&" + "&EQUIPE!$B$7,"Trio"))))) -> Erasmo | D11: P0 | E11: Registrar baseline reprodutível dos testes 1–7 | F11: 46317 | G11: SET-02 | H11: =IF(COUNTIF(DEPENDENCIAS!$A$5:$A$72,A11)=0,"OK",IF(COUNTIFS(DEPENDENCIAS!$A$5:$A$72,A11,DEPENDENCIAS!$D$5:$D$72,"PENDENTE")=0,"OK","AGUARDAR")) -> AGUARDAR | I11: Não | J11: Planejado | L11: Matriz baseline dos testes herdados, sem alterar src/; falhas encaminhadas a A | M11: Execução nativa de cada T01–T07 com status PASS/FAIL/BLOCKED e evidência. | N11: docs/auditorias/, tests/, scripts/ | Q11: M1
A12: CORE-02 | B12: A | C12: =IF(B12="A",EQUIPE!$B$5,IF(B12="B",EQUIPE!$B$6,IF(B12="C",EQUIPE!$B$7,IF(B12="A+B",EQUIPE!$B$5&" + "&EQUIPE!$B$6,IF(B12="A+C",EQUIPE!$B$5&" + "&EQUIPE!$B$7,"Trio"))))) -> Victor André | D12: P0 | E12: Remover TAC fixo do Quicksort e corrigir T07 | F12: 46324 | G12: CORE-01 | H12: =IF(COUNTIF(DEPENDENCIAS!$A$5:$A$72,A12)=0,"OK",IF(COUNTIFS(DEPENDENCIAS!$A$5:$A$72,A12,DEPENDENCIAS!$D$5:$D$72,"PENDENTE")=0,"OK","AGUARDAR")) -> AGUARDAR | I12: Não | J12: Planejado | L12: TAC calculado da AST e ordenação segura | M12: Programa modificado com mesmo nome não reproduz TAC fixo; T07 compila/ordena sem bounds violation. | N12: src/tac.py, tests/, src/codegen.py | Q12: M2
A13: CORE-03 | B13: A | C13: =IF(B13="A",EQUIPE!$B$5,IF(B13="B",EQUIPE!$B$6,IF(B13="C",EQUIPE!$B$7,IF(B13="A+B",EQUIPE!$B$5&" + "&EQUIPE!$B$6,IF(B13="A+C",EQUIPE!$B$5&" + "&EQUIPE!$B$7,"Trio"))))) -> Victor André | D13: P0 | E13: Corrigir primitivas strings e coleções usadas por T11 | F13: 46317 | G13: CON-03, SET-02 | H13: =IF(COUNTIF(DEPENDENCIAS!$A$5:$A$72,A13)=0,"OK",IF(COUNTIFS(DEPENDENCIAS!$A$5:$A$72,A13,DEPENDENCIAS!$D$5:$D$72,"PENDENTE")=0,"OK","AGUARDAR")) -> AGUARDAR | I13: Não | J13: Planejado | L13: `len`, `substr`, `to_string`, string `std::string`, listas textuais mínimas | M13: Programas de prova T11 compilam/produzem oráculos; regressão anterior sem piora. | N13: src/codegen.py, src/semantic.py, src/cpp_template.py | Q13: M1
A14: CORE-04 | B14: A | C14: =IF(B14="A",EQUIPE!$B$5,IF(B14="B",EQUIPE!$B$6,IF(B14="C",EQUIPE!$B$7,IF(B14="A+B",EQUIPE!$B$5&" + "&EQUIPE!$B$6,IF(B14="A+C",EQUIPE!$B$5&" + "&EQUIPE!$B$7,"Trio"))))) -> Victor André | D14: P0 | E14: Implementar BNF, tokens e AST de Fork/Join | F14: 46317 | G14: CON-01 | H14: =IF(COUNTIF(DEPENDENCIAS!$A$5:$A$72,A14)=0,"OK",IF(COUNTIFS(DEPENDENCIAS!$A$5:$A$72,A14,DEPENDENCIAS!$D$5:$D$72,"PENDENTE")=0,"OK","AGUARDAR")) -> AGUARDAR | I14: Não | J14: Planejado | L14: Gramática adotada, Lexer/Parser/AST e diagnósticos | M14: Programas MiniPar positivos/negativos de Fork/Join têm AST correta; BNF coerente. | N14: src/lexer.py, src/parser.py, src/ast_nodes.py, docs/ | Q14: M1
A15: CORE-05 | B15: A | C15: =IF(B15="A",EQUIPE!$B$5,IF(B15="B",EQUIPE!$B$6,IF(B15="C",EQUIPE!$B$7,IF(B15="A+B",EQUIPE!$B$5&" + "&EQUIPE!$B$6,IF(B15="A+C",EQUIPE!$B$5&" + "&EQUIPE!$B$7,"Trio"))))) -> Victor André | D15: P0 | E15: Semântico de Fork/Join e isolamento | F15: 46324 | G15: CORE-04 | H15: =IF(COUNTIF(DEPENDENCIAS!$A$5:$A$72,A15)=0,"OK",IF(COUNTIFS(DEPENDENCIAS!$A$5:$A$72,A15,DEPENDENCIAS!$D$5:$D$72,"PENDENTE")=0,"OK","AGUARDAR")) -> AGUARDAR | I15: Não | J15: Planejado | L15: Regras semânticas e tipos/handles necessários | M15: Uso indevido rejeitado; funções e destinos válidos aceitos; semântico preserva regressão. | N15: src/semantic.py | Q15: M2
A16: CORE-06 | B16: A | C16: =IF(B16="A",EQUIPE!$B$5,IF(B16="B",EQUIPE!$B$6,IF(B16="C",EQUIPE!$B$7,IF(B16="A+B",EQUIPE!$B$5&" + "&EQUIPE!$B$6,IF(B16="A+C",EQUIPE!$B$5&" + "&EQUIPE!$B$7,"Trio"))))) -> Victor André | D16: P0 | E16: TAC autêntico para Fork/Join e `par` | F16: 46329 | G16: CORE-05, CORE-02 | H16: =IF(COUNTIF(DEPENDENCIAS!$A$5:$A$72,A16)=0,"OK",IF(COUNTIFS(DEPENDENCIAS!$A$5:$A$72,A16,DEPENDENCIAS!$D$5:$D$72,"PENDENTE")=0,"OK","AGUARDAR")) -> AGUARDAR | I16: Não | J16: Planejado | L16: TAC representa criação, sincronização e fluxo; sem hardcodes | M16: TAC distingue sequência/paralelismo; casos com diferentes tarefas geram representação coerente. | N16: src/tac.py | Q16: M3
... A47: ENT-01 | B47: EQUIPE | C47: =IF(B47="A",EQUIPE!$B$5,IF(B47="B",EQUIPE!$B$6,IF(B47="C",EQUIPE!$B$7,IF(B47="A+B",EQUIPE!$B$5&" + "&EQUIPE!$B$6,IF(B47="A+C",EQUIPE!$B$5&" + "&EQUIPE!$B$7,"Trio"))))) -> Trio | D47: P0 | E47: Entrega final 11/11 | F47: 46337 | G47: EST-02 | H47: =IF(COUNTIF(DEPENDENCIAS!$A$5:$A$72,A47)=0,"OK",IF(COUNTIFS(DEPENDENCIAS!$A$5:$A$72,A47,DEPENDENCIAS!$D$5:$D$72,"PENDENTE")=0,"OK","AGUARDAR")) -> AGUARDAR | I47: Não | J47: Planejado | L47: GitHub, relatório, programas, executáveis e apresentações | M47: Links conferidos, arquivos entregues, sistema demonstrável e documentação coerente. | N47: docs/, README.md | Q47: ENTREGA

Sheet DEPENDENCIAS
A1: DEPENDÊNCIAS | liberação controlada
A2: Automático: uma pré-tarefa só está OK quando concluída ou quando um mock aprovado está justificado.
A4: Card dependente | B4: Depende de | C4: Status da pré-tarefa | D4: Resultado | E4: Mock aprovado? | F4: Evidência do mock / contrato
A5: SET-02 | B5: SET-01 | C5: =IF(COUNTIFS(TAREFAS!$A$5:$A$47,B5,TAREFAS!$J$5:$J$47,"Concluído")>0,"Concluído","Pendente") -> Pendente | D5: =IF(OR(C5="Concluído",AND(E5="Sim",F5<>"")),"OK","PENDENTE") -> PENDENTE | E5: Não
A6: CON-01 | B6: SET-01 | C6: =IF(COUNTIFS(TAREFAS!$A$5:$A$47,B6,TAREFAS!$J$5:$J$47,"Concluído")>0,"Concluído","Pendente") -> Pendente | D6: =IF(OR(C6="Concluído",AND(E6="Sim",F6<>"")),"OK","PENDENTE") -> PENDENTE | E6: Não
A7: CON-02 | B7: SET-01 | C7: =IF(COUNTIFS(TAREFAS!$A$5:$A$47,B7,TAREFAS!$J$5:$J$47,"Concluído")>0,"Concluído","Pendente") -> Pendente | D7: =IF(OR(C7="Concluído",AND(E7="Sim",F7<>"")),"OK","PENDENTE") -> PENDENTE | E7: Não
A8: CON-03 | B8: SET-01 | C8: =IF(COUNTIFS(TAREFAS!$A$5:$A$47,B8,TAREFAS!$J$5:$J$47,"Concluído")>0,"Concluído","Pendente") -> Pendente | D8: =IF(OR(C8="Concluído",AND(E8="Sim",F8<>"")),"OK","PENDENTE") -> PENDENTE | E8: Não
A9: CORE-01 | B9: SET-02 | C9: =IF(COUNTIFS(TAREFAS!$A$5:$A$47,B9,TAREFAS!$J$5:$J$47,"Concluído")>0,"Concluído","Pendente") -> Pendente | D9: =IF(OR(C9="Concluído",AND(E9="Sim",F9<>"")),"OK","PENDENTE") -> PENDENTE | E9: Não
A10: CORE-02 | B10: CORE-01 | C10: =IF(COUNTIFS(TAREFAS!$A$5:$A$47,B10,TAREFAS!$J$5:$J$47,"Concluído")>0,"Concluído","Pendente") -> Pendente | D10: =IF(OR(C10="Concluído",AND(E10="Sim",F10<>"")),"OK","PENDENTE") -> PENDENTE | E10: Não
A11: CORE-03 | B11: CON-03 | C11: =IF(COUNTIFS(TAREFAS!$A$5:$A$47,B11,TAREFAS!$J$5:$J$47,"Concluído")>0,"Concluído","Pendente") -> Pendente | D11: =IF(OR(C11="Concluído",AND(E11="Sim",F11<>"")),"OK","PENDENTE") -> PENDENTE | E11: Não
A12: CORE-03 | B12: SET-02 | C12: =IF(COUNTIFS(TAREFAS!$A$5:$A$47,B12,TAREFAS!$J$5:$J$47,"Concluído")>0,"Concluído","Pendente") -> Pendente | D12: =IF(OR(C12="Concluído",AND(E12="Sim",F12<>"")),"OK","PENDENTE") -> PENDENTE | E12: Não
A13: CORE-04 | B13: CON-01 | C13: =IF(COUNTIFS(TAREFAS!$A$5:$A$47,B13,TAREFAS!$J$5:$J$47,"Concluído")>0,"Concluído","Pendente") -> Pendente | D13: =IF(OR(C13="Concluído",AND(E13="Sim",F13<>"")),"OK","PENDENTE") -> PENDENTE | E13: Não
A14: CORE-05 | B14: CORE-04 | C14: =IF(COUNTIFS(TAREFAS!$A$5:$A$47,B14,TAREFAS!$J$5:$J$47,"Concluído")>0,"Concluído","Pendente") -> Pendente | D14: =IF(OR(C14="Concluído",AND(E14="Sim",F14<>"")),"OK","PENDENTE") -> PENDENTE | E14: Não
A15: CORE-06 | B15: CORE-05 | C15: =IF(COUNTIFS(TAREFAS!$A$5:$A$47,B15,TAREFAS!$J$5:$J$47,"Concluído")>0,"Concluído","Pendente") -> Pendente | D15: =IF(OR(C15="Concluído",AND(E15="Sim",F15<>"")),"OK","PENDENTE") -> PENDENTE | E15: Não
A16: CORE-06 | B16: CORE-02 | C16: =IF(COUNTIFS(TAREFAS!$A$5:$A$47,B16,TAREFAS!$J$5:$J$47,"Concluído")>0,"Concluído","Pendente") -> Pendente | D16: =IF(OR(C16="Concluído",AND(E16="Sim",F16<>"")),"OK","PENDENTE") -> PENDENTE | E16: Não
... A72: ENT-01 | B72: EST-02 | C72: =IF(COUNTIFS(TAREFAS!$A$5:$A$47,B72,TAREFAS!$J$5:$J$47,"Concluído")>0,"Concluído","Pendente") -> Pendente | D72: =IF(OR(C72="Concluído",AND(E72="Sim",F72<>"")),"OK","PENDENTE") -> PENDENTE | E72: Não

Sheet MARCOS
A1: MARCOS | pontos de controle
A2: Somente três prazos de construção: 22/10, 29/10 e 03/11. Os cards herdam a data de seu marco; não há datas individuais.
A4: Marco | B4: Data-limite | C4: Objetivo verificável | D4: Responsáveis | E4: Critério de passagem | F4: Situação | G4: Bloqueios / decisão
A5: M1 · Fundações | B5: 46317 | C5: 15 cards: contratos, ambiente, linguagens base, protótipos UI/T11 e runtime local+2 hosts | D5: A+B+C | E5: Build reprodutível; contratos; prova MiniPar/T11; sockets e 2 computadores; anexos e evidências | F5: Não iniciado
A6: M2 · Funcionalidades | B6: 46324 | C6: 13 cards: Fork/Join integrado, T08–T10, T11 ARM/CPUlator, Web ligada e smoke dos 3 eixos | D6: A+B+C | E6: T08–T10 com trabalho real; CPUlator 22 e -84; Web analisa, compila, executa e baixa; INT-01 | F6: Não iniciado
A7: M3 · Congelamento | B7: 46329 | C7: 12 cards: TAC, regressão 1–11, interfaces, documentação, relatório, release candidata | D7: A+B+C | E7: Evidências completas, BNF/UML/pseudocódigos, relatório, repo e release congelada | F7: Não iniciado
A8: ESTUDO · Preparação | B8: 46334 | C8: EST-01: estudo de módulos e roteiro individual | D8: A+B+C | E8: Trio entende fases e demonstrações sem depender de um único membro | F8: Não iniciado
A9: ENSAIO · Demonstração | B9: 46336 | C9: EST-02: ensaio completo e contingência | D9: A+B+C | E9: Ensaio completo com backup de demonstração e links confirmados | F9: Não iniciado
A10: ENTREGA · Oficial | B10: 46337 | C10: ENT-01: entrega oficial MiniPar 2026.2 | D10: A+B+C | E10: Repositório, relatório e apresentações conforme professor | F10: Não iniciado

Sheet CONTRATOS
A1: CONTRATOS | interfaces entre os eixos
A2: Os contratos são propostas até aprovação do trio. Eles devem existir antes do desenvolvimento incompatível.
A4: Contrato | B4: Fornecedor | C4: Consumidor | D4: Prazo | E4: Escopo de interface | F4: Aceite mínimo | G4: Situação | H4: Evidência da aprovação
A5: C-FJ-v1 | B5: A + C | C5: A e C | D5: 46313 | E5: Fork/Join local/remoto; start/join; argumentos/resultados; IDs; sockets | F5: Sintaxe da linguagem, API C++, isolamento, erros e worker pré-compilado aprovados | G5: Pendente
A6: C-WEB-v1 | B6: A | C6: B | D6: 46313 | E6: API de fases Lexer, AST, símbolos, TAC, C++; compilação e execução | F6: Fixture JSON, erros por fase, binário correto, downloads e limites aprovados | G6: Pendente
A7: C-T11-v1 | B7: A | C7: B | D7: 46313 | E7: Strings, vetores, input, conversões e saída ARM para MiniCompilador | F7: Programa MiniPar mínimo de prova, oráculos, formato .arm e CPUlator acordados | G7: Pendente

Sheet TESTES
A1: TESTES | execução e evidências
A2: Não confundir compilou com passou: registrar resultado verdadeiro, entrada, oráculo e evidência.
A4: Teste | B4: Eixo QA | C4: Objetivo | D4: Oráculo ou resultado esperado | E4: Situação | F4: Evidência / log | G4: Ambiente / comando | H4: Pendências
A5: T01 | B5: C | C5: Calculadora cliente-servidor | D5: Ex.: 2+3=5; mensagem e socket reais | E5: Não testado
A6: T02 | B6: C | C6: Fatorial e Fibonacci usando par | D6: Fatorial 5=120; sequência Fibonacci correta | E6: Não testado
A7: T03 | B7: C | C7: Neurônio artificial | D7: Convergência e valores de referência com critério definido | E7: Não testado
A8: T04 | B8: C | C8: Rede neural XOR | D8: Classificação correta e tolerância numérica acordada | E8: Não testado
A9: T05 | B9: C | C9: Sistema de recomendação | D9: Recomendações calculadas da entrada real | E9: Não testado
A10: T06 | B10: C | C10: Quicksort OO | D10: Lista ordenada corretamente com outras entradas | E10: Não testado
A11: T07 | B11: C | C11: Quicksort iterativo e TAC | D11: TAC não hardcoded, ordenação, memória segura | E11: Não testado
A12: T08 | B12: C | C12: 160 avaliações com quatro trabalhadores | D12: 160 resultados íntegros, 4 workers identificados | E12: Não testado
A13: T09 | B13: C | C13: Avaliações + Mandelbrot | D13: Cargas e desenho ASCII corretos e concorrência real | E13: Não testado
A14: T10 | B14: C | C14: Avaliações + Mandelbrot + Sierpinski | D14: Fractais demonstrados, benchmark honesto | E14: Não testado
A15: T11 | B15: B | C15: MiniCompilador escrito em MiniPar | D15: 22, -84 e 22; tokens/AST/TAC/símbolos; .arm no CPUlator | E15: Não testado

Sheet RISCOS
A1: RISCOS | alertas e planos de resposta
A2: Revisar nas datas dos marcos; um risco precisa de dono, gatilho verificável e ação.
A4: ID | B4: Risco | C4: Probabilidade | D4: Impacto | E4: Gatilho de escalada | F4: Dono | G4: Ação de resposta | H4: Situação | I4: Nota / evidência
A5: R01 | B5: Runtime remoto não integra MiniPar | C5: Alta | D5: Crítico | E5: Sem prova em dois hosts até 23/10 | F5: A+C | G5: Congelar novas features, priorizar função mínima exportada com ID e worker pré-compilado | H5: Aberto
A6: R02 | B6: Teste 11 só emite texto ARM inválido | C6: Alta | D6: Crítico | E6: Sem primeiro ARM executado até 23/10 | F6: B | G6: Validar instruções/registros no CPUlator antes de expandir linguagem | H6: Aberto
A7: R03 | B7: Tipo string/coleções inviabiliza T11 | C7: Alta | D7: Alto | E7: MVP não compila após 21/10 | F7: A+B | G7: Reduzir representação do algoritmo a vetores/índices; corrigir builtins mínimos com regressão | H7: Aberto
A8: R04 | B8: Toolchain GCC 6.3 insuficiente | C8: Alta | D8: Alto | E8: Sem G++20 (ou alternativa validada) até 18/10 | F8: A | G8: Usar toolchain isolada compatível, sem alterar ambiente global; não aceitar C++14 hack como entrega sem documentar | H8: Aberto
A9: R05 | B9: TAC fixo do Quicksort | C9: Confirmada | D9: Alto | E9: Mutação T07 ainda igual | F9: A | G9: Implementar gerador real e testes metamórficos | H9: Aberto
A10: R06 | B10: Bug de vetor/stack T07 | C10: Confirmada | D10: Alto | E10: Execução com bounds failure | F10: A | G10: Corrigir lógica do teste/semântica de coleções; executar sanitizer | H10: Aberto
A11: R07 | B11: Web didática depende de API não entregue | C11: Média | D11: Alto | E11: Mock diverge da API real em 24/10 | F11: A+B | G11: Contrato frozen; contract tests; converter Web para consumir dados reais | H11: Aberto
A12: R08 | B12: Confusão de arquivos por agentes | C12: Média | D12: Alto | E12: PR toca `src/` por B/C sem CR | F12: Coord | G12: Bloquear merge; separar alteração; revisar AGENTS/ownership | H12: Aberto
A13: R09 | B13: Coordenador com ≤3 h/dia vira gargalo | C13: Alta | D13: Alto | E13: Mais de 2 PRs integração em fila ou >24h sem review P0 | F13: Coord | G13: Simplificar PRs, delegar revisão de módulos próprios, priorizar contratos e gates | H13: Aberto
A14: R10 | B14: Disponibilidade B/C insuficiente | C14: Desconhecida | D14: Crítico | E14: Sem compromisso de horas no G0 | F14: Equipe | G14: Revisar marcos e redistribuir **antes** do início | H14: Aberto
A15: R11 | B15: Teste 10 GUI/Sierpinski indefinido | C15: Média | D15: Alto | E15: Sem formato acordado em 20/10 | F15: C | G15: Implementar saída visual mínima verificável e pedir aceitação, sem alegar cumprimento automático | H15: Aberto
A16: R12 | B16: Demonstração remota depende de rede local | C16: Média | D16: Alto | E16: Sem 2 PCs no G0 ou bloqueio firewall | F16: C | G16: Reservar hardware/rede cedo, testar portas e comandos; gravar provas como backup | H16: Aberto
... A24: R20 | B24: Dados de avaliação/saídas hardcoded | C24: Média | D24: Crítico | E24: Resultado igual com entrada mutada | F24: Todos | G24: Testes metamórficos e inspeção de código gerado | H24: Aberto

Sheet PAINEL
A1: MINIPAR 2026.2 | painel de acompanhamento
A2: Gerenciamento sem Jira: atualize a aba TAREFAS e consulte os indicadores aqui.
A4: INDICADOR | B4: VALOR | C4: INTERPRETAÇÃO
A5: Cards no plano | B5: =COUNTA(TAREFAS!$A$5:$A$47) -> 43 | C5: Backlog inicial, 43 cards
A6: Concluídos | B6: =COUNTIF(TAREFAS!$J$5:$J$47,"Concluído") -> 0 | C6: Só com evidência e aceite
A7: Em andamento | B7: =COUNTIF(TAREFAS!$J$5:$J$47,"Em andamento") -> 0 | C7: Cards ativamente executados
A8: Bloqueados | B8: =COUNTIF(TAREFAS!$J$5:$J$47,"Bloqueado") -> 0 | C8: Resolver ou escalar imediatamente
A9: Atrasados | B9: =COUNTIF(#REF!,"ATRASADA") -> 0 | C9: Cards abertos cujo MARCO já venceu, não atrasos independentes por tarefa
A10: Progresso | B10: =IFERROR(B6/B5,0) -> 0 | C10: Concluídos / total do backlog
A11: Horas previstas | B11: =SUM(#REF!) -> #REF! | C11: Estimativa de cards, não promessa
A12: Horas registradas | B12: =SUM(TAREFAS!$K$5:$K$47) -> 0 | C12: Preenchimento manual por cada eixo
A13: Testes que passaram | B13: =COUNTIF(TESTES!$E$5:$E$15,"Passou") -> 0 | C13: Aprovação real de T01–T11
A14: Contratos aprovados | B14: =COUNTIF(CONTRATOS!$G$5:$G$7,"Aprovado") -> 0 | C14: 3 contratos são necessários para G0
A16: PRÓXIMOS MARCOS | B16: DATA | C16: SAÍDA PRINCIPAL | D16: STATUS
A17: =MARCOS!A5 -> M1 · Fundações | B17: =MARCOS!B5 -> 46317 | C17: =MARCOS!C5 -> 15 cards: contratos, ambiente, linguagens base, protótipos UI/T11 e runtime local+2 hosts | D17: =MARCOS!F5 -> Não iniciado
A18: =MARCOS!A6 -> M2 · Funcionalidades | B18: =MARCOS!B6 -> 46324 | C18: =MARCOS!C6 -> 13 cards: Fork/Join integrado, T08–T10, T11 ARM/CPUlator, Web ligada e smoke dos 3 eixos | D18: =MARCOS!F6 -> Não iniciado
A19: =MARCOS!A7 -> M3 · Congelamento | B19: =MARCOS!B7 -> 46329 | C19: =MARCOS!C7 -> 12 cards: TAC, regressão 1–11, interfaces, documentação, relatório, release candidata | D19: =MARCOS!F7 -> Não iniciado
A20: =MARCOS!A8 -> ESTUDO · Preparação | B20: =MARCOS!B8 -> 46334 | C20: =MARCOS!C8 -> EST-01: estudo de módulos e roteiro individual | D20: =MARCOS!F8 -> Não iniciado
A21: =MARCOS!A9 -> ENSAIO · Demonstração | B21: =MARCOS!B9 -> 46336 | C21: =MARCOS!C9 -> EST-02: ensaio completo e contingência | D21: =MARCOS!F9 -> Não iniciado
A22: =MARCOS!A10 -> ENTREGA · Oficial | B22: =MARCOS!B10 -> 46337 | C22: =MARCOS!C10 -> ENT-01: entrega oficial MiniPar 2026.2 | D22: =MARCOS!F10 -> Não iniciado
A23: =MARCOS!A11 | B23: =MARCOS!B11 | C23: =MARCOS!C11 | D23: =MARCOS!F11
A26: CONTROLE POR EIXO | B26: CARDS | C26: CONCLUÍDOS | D26: HORAS PREVISTAS
A27: A | B27: =COUNTIF(TAREFAS!$B$5:$B$47,A27) -> 12 | C27: =COUNTIFS(TAREFAS!$B$5:$B$47,A27,TAREFAS!$J$5:$J$47,"Concluído") -> 0 | D27: =SUMIF(TAREFAS!$B$5:$B$47,A27,#REF!) -> #N/A
A28: B | B28: =COUNTIF(TAREFAS!$B$5:$B$47,A28) -> 12 | C28: =COUNTIFS(TAREFAS!$B$5:$B$47,A28,TAREFAS!$J$5:$J$47,"Concluído") -> 0 | D28: =SUMIF(TAREFAS!$B$5:$B$47,A28,#REF!) -> #N/A
A29: C | B29: =COUNTIF(TAREFAS!$B$5:$B$47,A29) -> 13 | C29: =COUNTIFS(TAREFAS!$B$5:$B$47,A29,TAREFAS!$J$5:$J$47,"Concluído") -> 0 | D29: =SUMIF(TAREFAS!$B$5:$B$47,A29,#REF!) -> #N/A
A30: A+B | B30: =COUNTIF(TAREFAS!$B$5:$B$47,A30) -> 2 | C30: =COUNTIFS(TAREFAS!$B$5:$B$47,A30,TAREFAS!$J$5:$J$47,"Concluído") -> 0 | D30: =SUMIF(TAREFAS!$B$5:$B$47,A30,#REF!) -> #N/A
A31: A+C | B31: =COUNTIF(TAREFAS!$B$5:$B$47,A31) -> 1 | C31: =COUNTIFS(TAREFAS!$B$5:$B$47,A31,TAREFAS!$J$5:$J$47,"Concluído") -> 0 | D31: =SUMIF(TAREFAS!$B$5:$B$47,A31,#REF!) -> #N/A
A32: EQUIPE | B32: =COUNTIF(TAREFAS!$B$5:$B$47,A32) -> 3 | C32: =COUNTIFS(TAREFAS!$B$5:$B$47,A32,TAREFAS!$J$5:$J$47,"Concluído") -> 0 | D32: =SUMIF(TAREFAS!$B$5:$B$47,A32,#REF!) -> #N/A
A34: CADA CARD HERDA O PRAZO DO MARCO. M1 22/10 | M2 29/10 | M3 03/11. Arquivo docs/05_MARCOS_DE_ENTREGA.md contém os critérios.
A36: MARCO | B36: CARDS | C36: CONCLUÍDOS | D36: RESTANTES
A37: M1 | B37: =COUNTIF(TAREFAS!$Q$5:$Q$47,A37) -> 15 | C37: =COUNTIFS(TAREFAS!$Q$5:$Q$47,A37,TAREFAS!$J$5:$J$47,"Concluído") -> 0 | D37: =B37-C37 -> 15
A38: M2 | B38: =COUNTIF(TAREFAS!$Q$5:$Q$47,A38) -> 13 | C38: =COUNTIFS(TAREFAS!$Q$5:$Q$47,A38,TAREFAS!$J$5:$J$47,"Concluído") -> 0 | D38: =B38-C38 -> 13
A39: M3 | B39: =COUNTIF(TAREFAS!$Q$5:$Q$47,A39) -> 12 | C39: =COUNTIFS(TAREFAS!$Q$5:$Q$47,A39,TAREFAS!$J$5:$J$47,"Concluído") -> 0 | D39: =B39-C39 -> 12

Sheet COMO_USAR
A1: COMO USAR | acompanhamento do trio
A2: Excel ou Google Sheets: compartilhe o arquivo para que os três editem a mesma cópia.
A4: Ordem | B4: O que fazer | C4: Onde | D4: Regra prática
A5: 1 | B5: Escolher a versão compartilhada | C5: OneDrive/Excel Online ou Google Drive | D5: Não manter três cópias diferentes: uma planilha é a fonte oficial do progresso.
A6: 2 | B6: Preencher os nomes de B e C e horas disponíveis | C6: EQUIPE | D6: A já está identificado. Confirmar carga diária do trio; A tem limite de 3 h/dia.
A7: 3 | B7: Aprovar contratos antes dos eixos trabalharem sem alinhamento | C7: CONTRATOS | D7: C-FJ, C-WEB e C-T11 são propostas; registrar aprovação e evidência.
A8: 4 | B8: Selecionar o próximo card por prioridade e dependências | C8: TAREFAS | D8: Coluna Dependências OK? precisa mostrar OK; prazo sozinho nunca libera.
A9: 5 | B9: Se houver mock aprovado, registrar EXCEÇÃO | C9: DEPENDENCIAS | D9: Marcar Mock aprovado? = Sim e preencher o link/descrição de evidência.
A10: 6 | B10: Autorizar o card | C10: TAREFAS | D10: Marcar Autorizado? = Sim só após DoR e responsável definido; Pode iniciar? fica SIM.
A11: 7 | B11: Atualizar estágio de execução | C11: TAREFAS | D11: Planejado → Pronto → Em andamento → Em revisão → Concluído. Bloqueado se necessário.
A12: 8 | B12: Exigir prova de conclusão | C12: TAREFAS / TESTES | D12: Não marcar Concluído sem log, oráculo, commit/PR ou evidência válida.
A13: 9 | B13: Registrar trabalho real e bloqueios | C13: TAREFAS | D13: Atualizar horas reais e observações, citar quem precisa resolver o bloqueio.
A14: 10 | B14: Conferir prazos e riscos diariamente | C14: PAINEL / RISCOS | D14: Somente M1 22/10, M2 29/10 e M3 03/11 são prazos de construção; nenhum card tem data própria.
A15: 11 | B15: Revisar marcos em equipe | C15: MARCOS | D15: Encerrar cada marco com TODOS os cards P0 aceitos e as evidências; exceções devem ser decididas e registradas.
A16: 12 | B16: Manter a referência técnica já existente | C16: docs/*.md no repositório | D16: A planilha substitui o board, não os requisitos e os contratos técnicos.
... A18: 14 | B18: Evitar usar semana de estudo para implementar tudo | C18: 04–10/11 | D18: Congelar até 03/11, estudar e ensaiar a apresentação com o trio.
